<?xml version="1.0" encoding="UTF-8"?>
<!DOCTYPE generatorConfiguration  
      PUBLIC "-//mybatis.org//DTD MyBatis Generator Configuration 1.0//EN"  
      "http://mybatis.org/dtd/mybatis-generator-config_1_0.dtd">  
<generatorConfiguration> 
     <classPathEntry location="/Users/xing/.m2/repository/mysql/mysql-connector-java/5.1.23/mysql-connector-java-5.1.23.jar" />   
     <context id="MySQLTables" targetRuntime="MyBatis3" defaultModelType ="flat">  
      <commentGenerator>  
         <property name="suppressDate" value="true" />  
         <property name="suppressAllComments" value="true" /> 
      </commentGenerator>  
      <!--   
      <jdbcConnection driverClass="com.mysql.jdbc.Driver"  
           connectionURL="jdbc:mysql://121.124.61.169:3306/autoparts?characterEncoding=utf-8" 
           userId="test_autoparts" password="UmbAjWwUY2GLJxGy" >  
      -->
      <jdbcConnection driverClass="com.mysql.jdbc.Driver"  
       connectionURL="jdbc:mysql://112.124.61.169:3306/test_autoparts?characterEncoding=UTF-8&amp;zeroDateTimeBehavior=convertToNull" 
       userId="test_autoparts" password="UmbAjWwUY2GLJxGy" >  
       
      </jdbcConnection>  
      <javaTypeResolver>  
          <property name="forceBigDecimals" value="false" />  
      </javaTypeResolver>  
      
      <javaModelGenerator targetPackage="com.tqmall.shop.model"  targetProject="/Users/xing/code/tqmall/shop/shared/src/main/java/">  
           <property name="enableSubPackages" value="true" />  
           <property name="trimStrings" value="true" />  
      </javaModelGenerator> 

      <sqlMapGenerator targetPackage="com.tqmall.shop.mapper"  targetProject="/Users/xing/code/tqmall/shop/server/src/main/resources/">  
      	    <property name="enableSubPackages" value="true" />  
      </sqlMapGenerator>  

      <javaClientGenerator type="XMLMAPPER"  targetPackage="com.tqmall.shop.mapper" targetProject="/Users/xing/code/tqmall/shop/server/src/main/java/">  
          <property name="enableSubPackages" value="true" />  
      </javaClientGenerator>  
    
     <!-- <table tableName="db_goods_car"  domainObjectName = "GoodsCar" enableCountByExample=“false" 
     enableUpdateByExample="false” enableDeleteByExample="false" enableSelectByExample=“false" selectByExampleQueryId=“false" />
    -->
    <table tableName="db_shop_service"  domainObjectName = "ShopService" enableCountByExample="false"
     enableUpdateByExample="false" enableDeleteByExample="false" enableSelectByExample="false" selectByExampleQueryId="false" />

     

   </context>  
</generatorConfiguration> 